{"root":[{"assemblyName":"Unity.InputSystem","nameSpace":"UnityEngine.InputSystem","className":"InputSystem","methodName":"RunInitializeInPlayer","loadTypes":4,"isUnityClass":true},{"assemblyName":"Unity.InputSystem","nameSpace":"UnityEngine.InputSystem","className":"InputSystem","methodName":"RunInitialUpdate","loadTypes":1,"isUnityClass":true},{"assemblyName":"SupportOldQF","nameSpace":"QFramework","className":"AudioKitWithResKitInit","methodName":"Init","loadTypes":1,"isUnityClass":false},{"assemblyName":"SupportOldQF","nameSpace":"QFramework","className":"UIKitWithResKitInit","methodName":"Init","loadTypes":1,"isUnityClass":false},{"assemblyName":"QFramework","nameSpace":"QFramework","className":"ComparerAutoRegister","methodName":"AutoRegister","loadTypes":1,"isUnityClass":false},{"assemblyName":"QFramework.CoreKit","nameSpace":"QFramework","className":"DeprecateActionKit","methodName":"InitNodeSystem","loadTypes":0,"isUnityClass":false},{"assemblyName":"QFramework.CoreKit","nameSpace":"QFramework","className":"LocaleKit","methodName":"AutoInit","loadTypes":1,"isUnityClass":false},{"assemblyName":"Unity.RenderPipelines.Universal.Runtime","nameSpace":"UnityEngine.Rendering.Universal","className":"XRSystem","methodName":"XRSystemInit","loadTypes":3,"isUnityClass":true},{"assemblyName":"spine-unity","nameSpace":"Spine.Unity.AttachmentTools","className":"AtlasUtilities","methodName":"Init","loadTypes":4,"isUnityClass":false},{"assemblyName":"Unity.RenderPipelines.Core.Runtime","nameSpace":"UnityEngine.Rendering","className":"DebugUpdater","methodName":"RuntimeInit","loadTypes":0,"isUnityClass":true},{"assemblyName":"UIKit","nameSpace":"QFramework","className":"UIManager","methodName":"RegisterMsgCenter","loadTypes":0,"isUnityClass":false},{"assemblyName":"Unity.VisualScripting.Core","nameSpace":"Unity.VisualScripting","className":"RuntimeVSUsageUtility","methodName":"RuntimeInitializeOnLoadBeforeSceneLoad","loadTypes":1,"isUnityClass":true},{"assemblyName":"Unity.2D.Animation.Runtime","nameSpace":"","className":"$BurstDirectCallInitializer","methodName":"Initialize","loadTypes":2,"isUnityClass":true}]}
